FullName,SSN,DOB,Has_Voted
Aurore Canty,103-86-7984,12/12/2008,false
Ali Barff,501-76-4250,12/11/1933,true
Hanna Heam,668-44-4039,12/13/1962,false
Terrence Hotton,359-84-2986,5/20/1977,true
Nonah Sessions,430-65-4218,7/27/1964,true
Tannie Shervil,272-76-1736,11/30/1942,false
Vladamir Hurche,636-63-3445,10/19/1968,false
Kerrie Salvidge,705-73-1509,5/2/1985,false
Justinn Odams,167-03-1092,2/25/1935,true
Wait Frankcomb,434-22-7281,5/8/1942,true
Brigg Fairney,120-02-1717,12/14/1930,false
Cointon Trodden,148-20-4167,3/29/1956,true
Dorris Butler-Bowdon,852-74-2738,2/6/1943,false
Michail MacDonogh,854-18-5952,4/8/1990,true
Moise Harold,360-19-6097,12/19/1992,true
Blondell Bertin,422-10-5804,7/26/1979,false
Katerina Ivens,752-85-9778,2/10/1973,false
Romonda Varnam,827-48-6995,3/25/1972,false
Dalenna China,878-69-6954,6/9/1994,false
Yoshiko Armstrong,758-63-2285,5/16/1984,true
Collie Aleksidze,883-01-8207,11/8/2005,true
Sherrie Sillars,671-27-7959,5/31/1991,true
Uriah Novotne,590-54-1656,1/5/1962,true
Curcio Dunbleton,802-75-1113,6/23/1989,true
Fayre Sammes,729-59-1650,2/22/1947,true
Gunner Featherston,409-53-7899,11/18/1938,true
Bevan Staries,627-65-2562,11/2/2007,false
Jozef Beminster,487-55-3067,1/13/2013,true
Codi Laffin,864-17-0338,1/30/1953,true
Dominique Giacovelli,750-80-2608,2/4/1960,true
Chloe Helstrip,342-62-8413,9/6/2016,true
Persis Treppas,571-15-9001,4/5/1978,true
Rey Wash,694-74-2520,10/20/1967,true
Joe Power,491-42-4943,12/28/1962,false
Saloma Caneo,327-75-0708,6/23/1978,false
Averil Brockwell,373-74-4165,8/14/1941,true
Austine Newarte,490-55-2218,10/27/1935,false
Filmer Ethridge,417-10-8506,5/29/1958,false
Traci Gehring,520-37-3662,9/26/1951,true
Damara Giacometti,815-91-7858,3/19/1946,false
Tammy Cockshut,397-89-6531,11/24/2008,true
Robers Kadd,488-81-0264,8/12/2005,true
Edvard Hails,169-83-7366,11/11/2014,true
Mycah Danielovitch,798-55-7812,6/4/1939,true
Renault Jessett,301-53-9720,10/19/1987,true
Tawsha Fosh,871-98-6012,3/10/2009,false
Pall Yaldren,797-16-2409,7/15/1967,false
Faydra Litchfield,642-08-1866,5/14/1982,false
Therine Sherratt,846-26-2252,7/28/1964,true
Luci Bischop,308-06-6158,1/4/1936,true
Wyatan Vassel,267-80-9534,1/28/2016,true
Helen-elizabeth Wildin,351-76-1459,10/8/1985,false
Jeanne Tribell,601-97-0878,2/17/1998,true
Sharron Speek,746-98-4711,7/3/1934,true
Carita Herrema,785-84-0622,3/5/2009,false
Aloin Spollen,664-03-7605,12/31/1944,false
Jdavie Nani,399-97-6692,2/17/1981,true
Rusty Eardley,330-14-5111,6/24/1979,true
Tatiana Lowater,338-75-8567,8/19/1952,true
Pennie Bewsey,136-95-3118,7/13/1939,true
Harri Galey,861-11-4043,11/4/1978,true
Merwin Sarfatti,574-11-2724,1/20/1939,false
Sauncho Clemerson,289-13-3836,10/13/1965,true
Hamlin Verlander,705-85-5907,8/16/1981,false
Urbano Rushsorth,365-35-8019,6/23/2010,true
Lionello Fluger,188-09-5280,4/10/1951,true
Neilla Maly,259-24-0370,5/25/1977,false
Rustin Garmons,197-97-6750,3/28/1945,true
Mariska Pischel,439-74-3503,3/3/1968,true
Delores Mutlow,438-14-5319,6/15/1982,false
Ade Bruggen,271-61-6406,7/14/1970,false
Gavan Threlfall,689-57-9695,12/22/1941,false
Almeria Prantoni,206-50-9661,5/12/1991,true
Minnaminnie Challace,730-31-6938,5/8/2003,true
Wendel De Caroli,533-87-2651,11/5/2001,false
Bentley Schwandermann,212-94-5850,3/9/1951,true
Ricca Kilvington,435-93-3626,2/17/1934,false
Brose Pennoni,437-25-8678,4/10/1985,true
Viviyan Beggi,163-80-7795,12/1/1956,true
Noell Thouless,604-21-3869,6/3/1955,false
Yurik Purvis,322-55-4982,7/25/2008,true
Lexy Kitchiner,304-60-5586,6/12/1932,true
Jasmin Potkin,803-62-9693,7/6/1964,true
Yale Blanko,177-19-0640,9/29/1948,true
L;urette Keay,202-51-2247,12/29/1961,false
Brittany Piner,142-53-6307,10/23/2017,false
Valentine Eallis,596-49-0257,11/7/2017,true
Leupold Balchin,329-48-1775,8/3/1976,true
Kaylil Deem,782-64-6313,1/5/1953,false
Moll Handscombe,823-99-9268,5/2/2005,true
Felicio Lovemore,650-81-5312,1/15/1938,false
Gwyneth Peplow,434-03-5210,8/3/1947,false
Kirsti De Vries,403-10-8088,4/14/1992,true
Dagmar McClune,361-22-0865,4/1/1931,false
Garner Tevelov,883-68-9800,1/14/1935,false
Farand Cess,567-35-1975,12/22/1980,false
Alisander Kemish,273-95-0888,11/27/2006,true
Melba Seaking,533-23-4402,2/7/1998,true
Luke Eddoes,838-88-7351,8/31/1958,true
Teresita Bence,868-44-5125,1/31/2006,false
Molly Nevill,131-49-3157,2/4/1935,false
Roldan Aggett,352-69-1838,3/4/1955,false
Kalie Sloyan,675-67-2429,10/7/1933,true
Rossie Ramsby,683-18-1613,7/14/1937,false
Melony Cumes,815-31-4004,4/29/1992,true
Charmane Burcombe,687-17-0213,3/16/1940,true
Willard Jeandillou,729-67-8493,10/30/1961,true
Fee Riddiford,474-42-9169,1/21/1939,true
Wadsworth Eefting,883-87-7580,8/5/1993,false
Kaye MacGiolla,301-80-4435,3/18/2012,false
Leland Hocking,823-68-4405,6/29/1964,false
Frank Fishburn,191-29-4034,7/1/1943,true
Riannon Pentercost,472-13-8740,5/21/2004,true
Eachelle Domenico,889-66-7389,10/19/1959,true
Milka Bewly,454-92-7469,11/25/1950,true
Cleve Duffet,487-04-7619,1/5/1938,true
Demetre Mityakov,770-53-5308,8/20/1994,false
Aurora Palatino,411-41-0180,3/15/2004,false
Nedi Witherington,359-98-9447,10/10/1961,false
Tremaine Greetham,583-27-2735,3/30/2018,true
Sherie Jaine,764-26-2904,11/25/1949,false
Hedwig Atkins,485-88-5614,8/13/2014,false
Ashlin Rucklidge,595-39-2411,10/17/1991,false
Curt Marshall,717-06-7279,1/15/1958,true
Vanda Johnigan,863-61-5747,1/13/1962,false
Isaiah Jaycox,691-98-6332,5/6/1959,false
Ellwood Davys,144-60-1848,10/31/1946,false
Matthus Black,495-14-2686,5/12/1961,true
Jewelle Woffenden,783-46-9482,10/22/1973,true
Olly Barltrop,514-45-2373,3/10/1963,false
Lorena Purple,334-97-9680,1/26/1975,true
Hartley Lissandri,341-81-2409,3/26/2003,true
Althea Spriggin,228-35-3917,5/8/1990,false
Morey Bernath,871-93-4392,4/26/1980,false
Lulu Laugherane,880-23-2440,4/13/1956,false
Giles Schieferstein,226-87-6133,9/25/1960,false
Malissia Sinson,567-61-0922,8/22/1999,true
Ianthe Westcot,834-69-9421,4/24/1989,false
Florrie Kennsley,814-84-9652,12/6/1955,true
Veradis Turbefield,608-61-0088,9/22/1934,false
Abagail Oxe,532-89-6840,11/20/1982,false
Freddy Stranger,301-20-8242,9/20/1951,false
Chlo Milhench,852-64-4084,1/18/1981,false
Obidiah Barzen,531-37-3342,11/1/1949,false
Tobias De Malchar,725-65-0533,4/26/1975,true
Joanie Shawley,556-42-3867,4/2/1967,false
Genia Diggles,576-91-3437,5/27/1955,false
Salome Fitzjohn,545-24-9166,11/18/1939,true
Vincenz Drew,395-14-6844,1/19/2000,true
Bruce Anthill,431-54-5355,2/1/1940,true
Sheppard Kinavan,370-67-7158,11/13/2015,true
Amory Roxburgh,804-78-4487,7/13/2000,false
Neale Mullender,664-35-2531,7/16/1951,false
Urbain Day,144-86-1556,12/14/1998,true
Davida Murton,323-66-4009,8/12/1949,true
Adolpho Krolik,818-23-8209,2/3/1951,true
Damian Monteath,829-77-1347,12/21/1988,true
Sig Gioan,111-83-3973,4/3/1940,false
Lydie Loveday,227-65-2082,8/30/1974,true
Lorianna Lewson,452-95-5315,6/1/1930,true
Shelden Amos,838-04-3001,3/29/1947,true
Gibb Paty,275-45-8177,7/13/2012,false
Kiah Battrick,848-45-0030,10/18/1938,true
Alan Ormerod,874-50-6283,10/17/1986,false
Goober Carabine,292-35-7996,6/5/1936,true
Minny Scard,221-24-6556,8/19/1957,false
Marchelle Bottle,388-60-7537,12/28/1948,false
Stavros Staziker,878-70-1666,5/14/1967,false
Giselle Jeannard,898-44-0320,3/15/1996,false
Virgina Linden,466-03-4964,5/27/1938,false
Michele Edgson,876-63-1791,8/19/1999,true
Wandie MacGowing,650-34-4820,10/23/2004,false
Traci Dornan,165-10-3124,8/16/1980,false
Cal Delacour,100-12-0774,5/12/2018,true
Max Mottinelli,249-33-3355,11/15/1963,false
Bobina Jindracek,109-57-1660,12/13/1982,true
Rourke Kruschev,170-96-8233,10/6/1933,false
Fawnia Duffit,655-49-1368,2/16/1996,false
Launce Aleksashin,451-72-3293,2/13/1988,true
Tessa Lambrick,272-93-8946,8/9/2012,false
Merrile Spours,431-55-3121,7/14/2000,true
Mirabella Ahearne,411-46-5318,4/20/1938,false
Corbet Pratley,255-74-4689,2/18/2008,true
Moira Bligh,357-55-6763,2/28/1984,true
Regan Sivyour,245-73-8023,10/22/1938,false
Kizzee Danne,269-98-0257,6/16/2012,false
Lotta Shutler,475-88-4727,4/22/1951,true
Abagail Greswell,256-35-6899,12/17/2002,true
Teddy Tallet,472-84-0700,11/10/1976,false
Val Yeats,692-36-4708,8/14/1941,false
Montague Castell,582-29-4267,12/11/1946,true
Doll Heinschke,727-67-1260,4/30/1933,false
Alis Southernwood,729-32-9691,9/26/1941,false
Gian Ripley,343-53-0872,11/20/1968,true
Jordana Buddleigh,604-26-5105,12/3/1939,false
Suzette Matthews,552-35-6679,2/21/1944,false
Odessa Lowers,266-06-1387,6/8/1971,true
Elspeth Bradburn,196-03-6907,12/24/1934,false
Theo Heardman,766-10-9977,9/28/2001,true
Sophia Weall,798-80-4154,10/12/2007,true
Dinnie Secker,481-70-8983,9/6/1949,false
Shell Boucher,181-18-0339,1/24/2016,false
Yankee Spain,155-27-2322,6/19/2015,false
Karrie Spurrett,356-95-1302,9/26/1957,true
Tonye Turfrey,587-53-0593,12/18/1990,false
Demetrius Triebner,313-32-3559,2/25/1961,true
Ikey Burgwin,265-92-8153,10/12/2001,true
Gwendolin Roj,531-78-2663,3/6/1995,false
Dulsea Fantonetti,503-04-4860,9/26/1938,true
Shem Shasnan,124-60-4033,7/26/1979,true
Jayme Diemer,821-45-7053,1/20/1986,false
Johnathan Jackways,396-95-5213,6/16/2017,true
Rafi Tuxsell,186-37-3592,5/17/1988,true
Dalis Spread,313-42-8377,1/19/1950,true
Daisey Arnowitz,122-25-1879,12/24/1930,true
Steffie Hasely,430-45-4825,11/27/1944,true
Phyllis Cappel,385-73-4391,1/18/1935,false
Elora Jeffry,353-18-4833,7/3/2009,false
Vaughn Harms,597-60-3274,8/20/1993,false
Lari Cordier,560-23-0893,2/19/1979,true
Ellene Skillman,835-98-3490,11/16/1968,false
Tani Graal,425-93-9859,5/14/1957,false
Silvan Addionizio,690-31-6269,3/26/1982,false
Evvie Sigart,772-78-1547,6/8/1957,false
Winny MacVagh,552-97-7128,11/25/2017,false
Edythe Millin,726-23-8644,10/7/1962,false
Catlin Robjohns,820-72-2899,6/15/1984,true
Brittni Belfrage,653-50-4173,12/1/2005,true
Andros Shepton,522-82-9843,3/23/1995,false
Giorgi Laidler,667-09-2516,5/29/2008,true
Carlo Apfelmann,420-95-7542,5/27/1958,false
Marlena Holdall,735-09-3122,2/7/2007,false
Angele Dyball,862-37-2063,12/2/1943,true
Johan Haffard,587-62-6296,3/8/1931,false
Misty Mohamed,621-28-1878,1/15/1966,true
Riva Ibel,382-04-0544,7/3/2012,true
Philip Shillam,476-29-8445,7/14/2015,true
Marshall Kubacki,329-84-0628,4/25/1972,true
Erie Rozec,858-43-0498,8/23/1951,true
Gabi Buckeridge,329-10-0013,12/30/1964,true
Tallia Ragge,520-34-0231,8/8/1949,false
Burch Casterot,169-30-6267,8/20/1990,false
Halimeda De Filippis,538-09-3882,3/22/1977,true
Betti Ekell,358-62-3914,9/2/1988,true
Ediva Carren,749-62-9468,9/24/1935,false
Leland Dymoke,367-53-7820,6/13/1982,false
Melamie Toffanelli,817-70-8841,5/21/1946,false
Den Klimsch,310-36-2355,3/4/1974,false
Torrance Becerra,374-35-5066,2/5/2015,false
Nickie Evershed,144-48-1013,3/15/1960,false
Sib Corkett,182-50-1249,10/15/2012,false
Arabel Waszczykowski,314-79-6719,7/18/1947,true
Catherine Lind,523-39-9022,7/6/2002,true
Farrell Danielsky,124-26-0444,7/3/1951,true
Antonia Bowbrick,845-41-1341,12/25/1935,true
Tatiana Hammell,854-80-9950,3/23/1951,true
Towny Hardson,213-12-9369,6/20/1955,true
Lisetta Mainland,350-82-2600,12/29/1949,false
Lavinia Lancastle,655-08-4623,4/9/2010,true
Frederik Klimes,832-87-7013,11/15/1954,false
Fee D'Agostini,450-49-5242,7/26/1965,false
Carlota Allpress,356-51-1393,2/21/2008,false
Reiko Fairbrass,260-74-3886,4/20/1958,false
Charita Ineson,652-02-6633,7/25/1930,true
Edward Pudge,643-75-3952,12/15/1946,false
Nadya Yegoshin,867-47-2713,7/28/2006,true
Ashien Bizzey,568-16-6484,6/18/1934,false
Tanhya Spadeck,612-78-3419,8/9/1979,true
Kelvin Cottee,382-64-6999,11/15/1965,true
Lacee Clissell,340-07-3892,6/13/1944,false
Connie Rix,177-52-6993,6/22/1984,false
Windy Audenis,123-10-2869,1/12/1948,true
Arnoldo Mularkey,854-12-8755,11/12/1958,false
Kermie Petrescu,547-92-4375,7/28/1978,false
Lisbeth Eckersall,715-95-6987,6/30/1979,true
Jaimie Regenhardt,435-72-0483,7/21/1978,false
Porty Brunton,371-75-1230,2/9/1999,false
Brnaba Aberdeen,672-68-4032,6/18/1993,true
Evvie Puttan,329-51-6443,4/16/1986,true
Reinaldo Gludor,801-55-3824,3/22/2003,false
Shaylyn Myner,398-02-4500,5/16/1946,true
Stevena Blampied,180-15-3437,6/30/1983,true
Traver Fitzsimmons,357-90-8720,8/1/1947,true
Heather Telega,170-92-7354,4/28/1934,true
Ellerey Westmore,714-65-9317,7/27/1930,false
Glenna Malthouse,557-24-4785,6/2/1999,false
Artie Le Fevre,466-86-7955,4/23/1940,true
Leon Burger,285-99-0495,3/14/1980,false
Sarita Slipper,899-11-1117,7/31/1932,true
Brodie Jalland,738-29-2486,2/10/2012,false
Hunfredo Manuele,126-45-3063,10/14/1948,true
Gabi Daile,492-68-7146,1/27/1989,false
Mureil Dutch,198-01-7729,10/16/1964,false
Kristal Falls,100-62-3500,1/7/1982,true
Ramon Clinnick,690-52-3023,4/17/1994,true
Blaine Kid,496-73-7442,1/3/1935,false
Constantine Sidney,804-71-9671,7/22/1984,false
Cindee Koop,585-65-3752,4/23/2005,true
Alaric Souten,867-95-0979,9/18/1975,false
Hewet Maddams,799-88-7876,3/5/1964,true
Terencio Curling,895-82-2256,11/20/1966,true
Talbot Whapple,176-18-6976,10/16/2014,false
Dulcine Stirman,437-58-8368,3/15/1965,true
Hildegarde Licquorish,466-53-9097,4/1/2005,false
Terese Aldis,764-66-9025,8/4/1987,true
Merv Skace,160-54-6597,4/11/1982,false
Fayre Dalton,638-10-8218,11/16/2002,true
Perrine Powderham,712-50-2153,8/12/1989,true
Elfrieda Gravy,522-34-8181,11/2/2007,false
Aigneis Ridde,474-99-0088,6/10/1959,true
Miguela Gelsthorpe,256-60-3169,2/15/1977,true
Wallace Leither,817-01-2258,1/2/1949,true
Lanie Milesap,851-28-7298,8/19/1941,true
Bab Dahle,747-73-2827,5/19/1961,true
Ericka Gorham,351-99-5030,10/19/1977,true
Cindelyn Fuzzens,752-71-4827,4/25/1932,true
Chicky McDill,464-86-5699,10/5/1948,false
Ashely Dowyer,782-19-5146,10/15/1941,true
Clark Kuhle,263-10-8528,2/23/1961,false
Sabra Schust,213-54-8422,3/19/1934,false
Maude Elford,210-73-9023,11/17/1947,false
Gipsy Crozier,294-46-0868,11/25/2012,true
Earvin Dimmock,195-22-9966,12/13/2017,true
Vittorio Penniell,702-28-5162,6/29/1962,false
Cristine Skein,843-07-3436,1/1/1986,false
Mechelle Harbison,175-33-8953,10/4/1980,true
Pammy Stenners,552-36-1804,7/30/2009,true
Creighton Caswall,643-27-7712,4/19/1993,true
Udell Matts,731-40-9333,7/21/2010,true
Celle Toke,436-28-2103,6/3/1948,true
Carol-jean todor,883-57-1234,11/6/1992,false
Orel Victor,232-48-0576,11/3/1994,false
Sheila Shercliff,654-92-2041,8/26/1989,false
Luisa Asple,222-09-7509,4/28/1964,false
Mikael Hardan,503-47-2566,10/28/2008,true
April Wadie,372-65-8178,11/6/2009,false
Rockey Mc Dermid,347-12-9469,2/9/1972,true
Filide Samber,205-36-6200,5/13/1945,true
Rockwell Girt,235-12-2358,4/27/1946,false
Carmencita Stocks,734-44-4541,11/17/2016,false
Ruthann Rowes,734-64-9892,2/21/1932,false
Gypsy Speck,325-48-4068,9/17/1978,false
Tamera Reddle,670-65-6608,3/24/1940,false
Goldie Castanaga,219-96-3477,10/11/1944,false
Lauri Filippazzo,335-98-1045,3/24/1969,false
Terrill Bridgeman,322-38-6662,11/1/1934,true
Augustus Saipy,234-21-4901,6/29/1968,true
Beth Mallalieu,325-50-7591,7/14/1970,false
Delbert Brawn,819-97-0057,9/25/1996,false
Larine Audritt,378-14-6672,2/26/1940,false
Callie Dismore,183-02-9411,11/5/1946,true
Amara Pfertner,428-92-4673,6/9/1964,false
Caryl Kluger,840-04-7665,12/24/1988,true
Dodie Desvignes,158-50-4433,6/21/1961,false
Rhett Ollivier,134-36-6393,3/8/1950,true
Bert Cleever,313-02-4213,6/2/2018,true
Josefa Grainge,629-49-7803,3/17/2017,false
Mychal Deluca,750-84-7111,6/12/1964,false
Eunice Avramovitz,224-66-7182,6/9/1977,false
June Bilbrey,368-33-1113,6/20/2001,true
Sunny Lake,619-96-0628,4/11/1964,false
Parrnell Letessier,823-06-4440,8/22/2015,true
Alane Gaydon,724-59-0975,9/13/1948,false
Halley Klimkiewich,677-61-1092,7/26/1957,false
Winston Gillibrand,501-69-8790,5/26/1991,false
Merry O'Dulchonta,570-81-2852,2/19/1968,false
Burk Cheke,743-38-2537,9/8/2013,true
Bat Darycott,788-09-2382,12/17/1996,true
Beatrice Canaan,571-63-6571,6/29/2004,true
Lucho Muckian,496-88-8315,8/2/1937,true
Hersh Matts,705-87-4820,5/9/1959,true
Clark McBain,508-16-3706,11/19/1958,false
Matthus Tankard,178-70-0467,5/24/1958,false
Durward Di Bernardo,422-15-7443,9/11/1961,false
Zechariah Mingardo,395-16-0956,7/20/2017,true
Ken Esslement,590-73-0982,4/11/1998,false
Leland Mathouse,360-83-3149,9/20/1972,false
Mikael Storrier,417-78-8969,12/4/1987,false
Maurise Copcote,387-83-6041,1/18/1936,false
Sherman Bertolin,627-53-9654,1/31/2012,false
Chariot Shird,729-53-7455,1/14/1968,true
Cissy Noad,688-01-4358,9/20/1979,false
Konstantine Fuke,274-63-3092,4/8/1930,false
Mabel Velte,266-61-7316,8/15/1999,false
Mark Bursnall,376-17-2102,7/15/1946,true
Tatiania Vaneschi,521-47-7180,8/24/1992,true
Elisabet Whorlton,292-25-4562,9/29/2014,true
Florinda Kislingbury,182-03-6471,12/4/1992,false
Tova Haworth,332-17-6508,12/9/2004,false
Concordia Zammett,618-70-6623,10/9/1989,true
Maxy Hughes,268-27-2379,3/30/1943,false
Katherine Rosoni,293-37-9634,2/2/1975,true
Marlie Gery,573-82-2598,4/1/1981,true
Courtnay Dando,255-84-1658,5/1/2012,true
Barby Van den Velde,551-15-6726,5/9/1974,true
Mab McBeith,684-51-9288,4/28/2017,true
Goldie Johns,588-04-2216,6/9/1943,false
Carilyn Lazenbury,127-90-9850,3/21/1993,false
Elsbeth Monger,444-93-7875,3/2/2001,true
Pennie Skelhorn,473-76-8217,1/9/1938,true
Esmeralda Pinnock,270-96-6806,1/6/1952,false
Ragnar Strathern,383-55-2886,9/21/2016,false
Jose Valentino,608-84-0440,11/4/1976,true
Robenia Kiffe,406-39-0183,2/18/2002,false
Dawna Kempster,219-43-0197,7/10/1946,true
Werner Ilyinykh,571-39-5153,10/2/1947,false
Ambrosius Kippie,818-46-3992,11/2/2003,false
Dorice Maruszewski,613-01-1303,11/8/1982,false
Vail Binnion,150-90-5284,6/12/2012,false
Sonni Rive,865-22-2901,4/18/1978,true
Jarred Mapes,359-38-3130,5/17/2007,false
Tricia Saph,560-41-2743,11/10/2010,false
Deedee Keep,864-92-1044,10/10/1989,true
Bert Dodworth,796-95-4748,12/25/2010,false
Benedikt Haacker,159-48-9826,5/9/1956,true
Phillie Le Brun,547-21-7789,1/20/1998,true
Eugene Dann,462-38-6366,10/30/1983,false
Foster Hoonahan,420-16-9552,5/21/1931,false
Kenny Torrent,248-22-3638,5/5/1987,true
Alyse Wyllis,778-71-1691,4/8/2012,false
Rosette Draude,776-78-3791,7/29/1940,true
Reynolds Alton,452-17-5808,1/20/1956,true
Martelle Owbridge,819-37-3059,6/2/1990,true
Niccolo Collyns,799-03-3920,2/11/1963,true
Maurene McKune,854-48-8412,10/21/1991,true
Glynis Groundwater,829-82-4984,5/19/1936,false
Gustavus Bownass,168-27-8183,10/5/2011,false
Ellen Woodwin,718-46-8537,9/7/1950,false
Charlotte Dunmuir,702-13-9687,11/6/1949,false
Alexa Brogden,451-56-1227,3/13/1995,false
Paolo Kimbury,411-21-7550,12/4/1967,true
Llewellyn Trase,550-56-5404,2/18/2016,false
Brantley McNae,198-10-5078,5/6/2013,true
Sauncho Stonard,402-48-7653,8/2/1990,true
Tamqrah Taylerson,772-36-3426,4/27/1936,false
Almire Girardi,355-55-5102,3/8/1981,true
Dexter Carty,826-17-0808,6/3/2001,true
Friedrich Eric,371-81-6353,1/31/1959,false
Cristin Patington,143-53-6756,4/2/1944,false
Maryl Cheeseman,154-04-9622,9/5/1954,false
Minnnie Luckman,118-67-3457,1/15/1948,false
Emalee Dobey,633-96-6463,9/11/2005,false
Bren Laundon,146-68-9844,6/10/2017,true
Laurella Higginbottam,182-11-6746,2/27/1989,false
Jocelyne Pree,437-92-6810,10/10/1933,false
Clemmy Bain,731-09-5518,10/22/1988,true
Bendite Wallenger,825-53-0319,8/24/1988,true
Madelin Demeter,547-99-3686,3/27/1988,false
Kari Abbs,605-92-5601,4/12/1998,true
Cory Halksworth,708-08-4887,4/15/2001,false
Marigold Huguet,768-48-6669,12/11/1944,false
Munmro Josskoviz,721-24-1216,4/11/2007,true
Effie Leatherborrow,772-90-0684,10/24/1936,true
Idalina Touzey,335-22-2709,4/27/2000,false
Shannon Crump,301-23-2333,3/29/1949,true
Krystalle Camden,144-34-9429,7/20/1944,true
Dorelle Dadge,839-38-9126,9/28/1984,true
Keefe Gerty,166-11-9198,4/24/2015,true
Blanch Freschini,877-64-6077,11/9/1987,true
Glynda Goodburn,221-53-3815,8/24/1945,true
Karie Baumann,433-19-8587,7/20/1983,false
Cindy Hambatch,776-22-8452,8/24/1975,false
Opal Filewood,255-01-4412,8/2/1966,false
Tessa Darkins,409-78-4498,2/10/1965,true
Derward Standon,891-37-0021,1/7/1932,false
Tasia Tinson,260-32-6276,6/6/1982,false
Lettie Turk,772-39-2647,12/31/1989,false
Nannette Caccavari,366-76-5915,6/13/1971,true
Cesare Grimsditch,891-82-4018,3/3/1974,false
Rickey Aldersley,537-20-3545,12/4/1995,false
Gates Smittoune,104-46-6606,8/22/1951,false
Skip Matous,215-30-9250,7/3/1986,false
Christine Hambright,437-35-7580,1/25/1943,true
Wenona Minihan,428-90-6554,6/25/1984,true
Winona Thunderchief,424-92-8167,1/13/1991,false
Aarika Heatherington,632-36-6356,5/8/1962,false
Tristan Tubb,418-84-5147,12/21/2004,true
Stephanus Donalson,522-75-9293,8/31/1966,true
Karil Cody,208-59-3267,2/18/1993,true
Khalil Reidshaw,776-17-3105,9/5/1978,true
Rick Hayfield,621-01-2977,6/1/1967,false
Justen Joice,356-03-4365,6/20/1930,true
Mellisa Mellmer,690-08-9671,6/1/2010,false
Greggory McEwen,771-80-2226,7/5/1957,false
Jone Glencros,114-52-6034,2/13/1972,true
Free Fullerd,781-84-3649,12/17/1935,true
Meghan Kermitt,893-30-0367,5/4/1933,false
Daryle Livesay,880-99-1298,3/7/2002,false
Fran Shearmur,392-29-4906,6/4/1955,true
Marley Frobisher,278-56-1212,8/9/2004,true
Raye Keough,596-56-5631,2/18/2005,false
Penny Tumasian,284-79-2049,7/4/2003,false
Christyna Guirau,189-15-8989,11/28/1997,true
Hernando Mariolle,194-98-8599,11/8/1950,true
Kynthia Heymann,401-05-8863,1/22/1968,true
Stanwood Chastelain,780-79-4707,5/2/1988,false
Leisha Habercham,584-03-9838,10/26/2009,false
Kikelia McCutcheon,718-48-7969,1/16/1995,true
Whitney MacCaughan,505-45-0156,9/21/1992,true
Andromache Ayers,480-02-3550,8/6/2012,true
Terrell Grieveson,181-34-0249,3/10/1976,false
Franciska Swancock,412-10-5427,10/24/2007,true
Arden Crallan,820-25-8429,12/17/1989,true
Hendrika Gutteridge,879-18-6006,5/20/2014,true
Melisenda Bank,655-22-2247,7/31/1955,false
Gypsy Matthensen,259-59-4372,3/24/2007,false
Hartwell Eckert,461-82-4321,3/6/1972,true
Thurston Stallard,707-87-1177,5/7/1986,true
Teador Akess,854-53-8856,8/13/1942,false
Adriana Feldharker,116-17-5628,12/17/1956,true
Reena Kliement,285-18-1324,11/2/1934,true
Benoite Carleman,454-52-4445,2/1/2007,true
Axel Whatson,217-85-2315,11/4/1943,false
Monroe Pautard,145-68-1501,9/27/1995,true
Camile De Matteis,451-25-0845,6/30/1952,true
Orv Euler,425-23-8138,9/2/1974,false
Bridie Threlkeld,296-03-6870,9/1/1945,true
Maure Felgate,432-16-3343,9/4/1937,false
Cleve Mellem,418-91-5589,10/30/1997,false
Meggie Besson,329-98-9356,9/6/1989,false
Valentine Boarder,803-69-5781,6/13/1966,false
Murielle Sowley,857-62-0704,8/12/1946,true
Horacio Tyzack,234-66-1181,10/24/1949,true
Aeriela Poetz,417-03-9361,4/20/2009,true
Dorian Rival,241-04-5287,11/18/1967,false
Christoffer Ricart,697-44-9590,9/8/2012,false
Gabby Eccleston,427-62-8814,1/31/1975,false
Armando Gaskin,518-17-4759,5/25/1965,true
Chadd Hebbes,769-30-0443,4/21/1944,false
Nickey Stean,762-74-1314,9/15/1974,true
Hernando Bourdon,303-01-6126,12/28/1930,true
Leann Greir,886-73-2414,12/19/1940,true
Crissie Werendell,536-34-7985,7/15/1987,true
Jany Chatto,149-64-6473,6/3/2012,false
Crichton Staining,280-73-2048,1/7/1947,true
Melonie Nellen,656-73-8516,11/30/1931,false
Phebe Jemmison,362-23-4700,12/5/1971,true
Flin Labet,778-65-2232,8/5/1983,false
Venus Yellop,439-15-6680,7/25/1994,false
Anthony Dawltrey,291-88-0607,12/4/1966,false
Annaliese Kaminski,143-19-8334,3/5/1979,true
Sela Bartolini,683-11-9074,10/17/1961,false
Immanuel Daughtery,222-89-2426,3/23/1953,false
Jacquelynn Hatliffe,482-29-1461,5/19/1979,false
Vera Le Hucquet,873-47-6209,10/4/2016,false
Conrad Mecchi,832-85-5779,1/28/1985,true
Clay McGrane,155-24-3464,5/13/1933,true
Ronald Tallboy,394-86-5185,4/17/1933,true
Bernarr Lilian,863-72-6938,3/29/1969,false
Skylar Ledgerton,484-57-2265,4/2/1972,false
Bard Grubb,635-29-1868,9/18/1943,false
Gabi Bambrugh,512-61-6564,8/18/1962,false
Lars Hurley,662-58-7216,9/20/2001,false
Filbert Hark,899-90-9086,7/15/2004,true
Ashil Abdie,105-26-4088,3/8/1964,false
Jonathon Goodinge,592-62-4517,8/5/2018,true
Don Robelet,165-93-6635,1/1/1948,true
Fionnula Verryan,257-02-8420,3/3/2005,true
Petra Abley,572-54-7552,4/14/1973,true
Iolanthe Woodwin,888-63-8843,3/18/1938,false
Cosette Gascard,714-19-4292,9/4/1997,false
Eartha Ramalho,420-52-8236,1/3/1931,false
Tull Badcock,555-73-8036,1/25/1947,true
Emelia Demonge,618-38-1625,10/31/1965,true
Marv Griniov,497-17-5717,2/23/1991,true
Hebert Selway,839-38-0621,12/9/2007,true
Sinclair Barens,531-89-0129,5/10/1984,true
Tomasina Pyett,194-29-5889,4/23/2001,false
Cinda McLanaghan,232-15-9166,8/15/1981,true
Bertrando Levesley,592-98-6051,10/13/1987,false
Fairleigh Planke,718-66-1523,4/4/1940,false
Berry Joreau,611-04-4104,7/14/1981,true
Angelita Entreis,896-61-2644,11/29/1951,true
Joyann Mityakov,800-89-2249,12/11/1953,false
Aura Dettmar,324-54-9352,8/17/1932,true
Marji Burgon,332-60-7865,11/15/2006,false
Marrissa Peffer,852-41-8533,1/31/2008,false
Pietro Bradborne,172-92-6768,6/11/1980,false
Ludovika Canape,564-62-0403,12/2/1994,false
Nelie Sowerbutts,146-48-1896,11/26/1979,false
Nolly Seakin,364-72-7115,4/24/1938,false
Oralie McDermid,696-81-9018,9/10/1983,true
Arlana Hefferon,594-19-2601,10/15/1948,true
Donnie Melross,224-46-1407,10/27/1985,false
Phaidra Isacke,415-78-4968,12/23/2008,true
Dru Klouz,806-87-7759,10/30/1999,false
Alain Dank,217-93-2274,8/4/1948,false
Edan Daviddi,375-06-6148,5/28/1982,true
Stacy Keady,643-66-8234,12/3/2003,true
Waneta Linge,230-17-5737,5/22/1933,true
Patrick Strangeways,548-10-3587,10/31/1957,false
Britta Hempshall,881-31-8180,12/11/1941,true
Thorndike Quincee,259-73-3211,7/2/1978,false
Elly Donnett,282-29-6338,11/22/1965,false
Rennie Beange,537-96-5605,9/15/1932,true
Domingo Scholes,799-08-2046,7/5/2005,false
Lothaire Keynes,389-20-7440,5/12/1955,true
Dacia Scoggans,205-95-5615,5/6/1983,true
Datha Shiel,210-43-3025,7/26/2005,false
Aubrey Meneyer,824-39-2987,7/3/1999,false
Brit Toffoletto,357-37-8536,10/24/1964,true
Lorne Dibbe,483-81-4958,11/28/1935,false
Mireielle Walsham,574-37-5613,6/16/1951,false
Georgeta Brend,200-68-4813,7/17/1936,true
Elizabeth Mc Meekin,837-60-5973,1/29/1959,false
Dana Tewkesbury,528-07-1890,12/3/1932,true
Alyson McKernon,190-71-4296,12/17/1995,true
Orly Bresnen,332-10-1166,6/18/1957,false
Celina Knapton,645-30-5350,4/3/2008,true
Amery Matthew,405-24-6601,8/14/1967,true
Trevar MacAirt,310-11-7740,1/10/1980,false
Ange Patriche,440-82-7041,10/27/1993,true
Harbert Peteri,418-14-3030,12/2/1985,false
Darbie Newlove,150-20-9285,3/7/1941,false
Novelia Cust,639-06-8471,12/21/2011,false
Park Lyne,284-15-4151,9/24/1991,true
Mariette Wymer,398-05-4387,6/28/1934,false
Percival Brewis,711-11-5913,2/8/1999,false
Othelia Eckhard,510-62-6467,7/24/1993,false
Darsey Browne,870-30-5264,9/5/1939,false
Fayina Barwis,322-41-6072,11/2/1940,false
Petronilla Gorner,870-99-0187,11/17/1986,true
Modesty Mandrey,490-84-9465,5/5/1960,false
Caleb Mocker,192-95-6365,6/17/1953,false
Jay Arr,276-17-4747,7/7/2017,false
Coreen Laidlow,599-32-6879,11/30/1998,false
Minerva Couche,108-55-5805,11/20/2010,false
Noemi Choupin,460-20-3258,2/5/1979,true
Johann Rathke,205-08-3891,10/25/1991,true
Cally Gerrish,566-38-6767,10/10/2003,true
Lesya Rogeon,277-84-3542,11/8/2011,true
Ernest MacArthur,827-80-6699,10/21/1958,false
Harriett Perillo,508-26-7389,4/13/2007,false
Meredithe Ogilvy,498-12-4298,1/15/1963,true
Petronella Hayland,572-16-6169,5/1/2003,false
Celestia Bygrove,894-49-3453,5/15/1953,true
Alphard Eliyahu,652-06-1705,3/8/1983,false
Seana McPaik,825-20-9411,1/22/1995,true
Dorris Croson,698-52-0236,3/2/1989,false
Tiffany Dallemore,654-41-2227,5/16/1978,true
Alon Arnold,403-10-9762,5/18/1948,true
Dorice Euler,792-70-8966,10/10/1988,false
Rockwell Faulder,455-40-4740,2/6/2017,false
Ash Merigeau,466-43-3439,6/4/1959,false
Meriel Domokos,535-20-2361,11/25/1974,false
Roman Zoanetti,601-47-2587,11/14/1997,false
Sada Sanday,894-98-9734,5/15/1987,true
Victoir Klishin,355-96-6444,6/28/1973,false
Parker Swannack,486-15-9766,9/9/1982,true
Viki Ibel,510-10-0976,8/10/1966,false
Gusty Bardnam,744-91-4662,11/28/1980,false
Tabatha Vennard,609-91-6237,2/21/1936,true
Guthry Batisse,597-79-9077,4/23/2006,false
Heinrik Tremolieres,473-47-2558,5/30/1941,true
Ellen Maundrell,494-86-0306,9/22/1975,true
Beulah MacNaughton,326-96-4397,1/18/1977,true
Shae Gostage,141-44-7857,4/15/1946,true
Vinita Debold,559-69-5372,10/17/1974,true
Rene Tinmouth,729-41-9771,7/14/1963,false
Robby Derycot,518-91-0344,3/10/1970,true
Filmer Nodin,781-88-6437,5/15/1981,true
Marilee Yosifov,340-40-2737,5/17/1981,true
Tiphanie Bulfoy,218-62-3674,1/17/2003,false
Elton Blazeby,413-14-5902,8/20/1991,false
Nealon Kingsman,205-64-1716,10/29/1952,true
Yard Mollin,697-55-8403,1/26/1936,false
Russ Maudett,591-36-7010,3/24/1961,false
Kurtis Cloake,628-50-4065,8/12/1945,false
Tristan Gallegos,396-52-8346,10/20/1977,true
Darb Elcoux,682-74-2791,10/30/2004,true
Selma Bromfield,222-07-9204,12/15/1969,false
Vanya O'Fairy,441-50-8914,12/23/1960,false
Melinda Gavan,492-55-6220,5/8/1955,false
Audrey Lumsdall,781-60-4227,6/20/1960,false
Rabbi Wisniowski,243-88-9606,4/14/1977,false
Abbe Pindar,350-55-0610,8/11/1967,false
Valeda Colrein,630-44-7088,5/28/1996,true
Ginny Maith,841-56-9672,6/26/2003,true
Annabelle Sloley,569-27-0304,5/12/2013,false
Guglielma Douce,630-01-8617,5/31/2012,false
Ambrosi Gilliam,710-26-2886,7/28/2015,true
Marius Tweed,128-03-8388,11/18/1977,false
Netti Bourton,604-41-8335,12/22/1956,false
Drucie Flieger,568-64-3904,11/16/1963,true
Marita Nurny,867-36-5066,5/2/2013,true
Elton Treat,465-99-4592,2/28/1944,false
Ambrosius Farland,727-02-0619,11/28/1949,false
Solly Springell,348-59-7504,3/20/2007,true
Ervin Muggleton,836-17-3799,5/17/2008,false
Sherrie Valadez,792-98-9033,12/14/2014,true
Noelle Padilla,337-97-6786,4/28/1963,true
Tarah Roman,877-49-9926,10/4/1939,true
Carola Bruneton,164-50-9012,2/12/2006,true
Sosanna Smiley,540-66-7435,8/11/1992,true
Bobina Farquhar,263-50-6121,6/28/1957,true
Karalee Nurny,770-38-2586,10/21/1937,false
Gwynne Maurice,708-08-2630,11/10/1931,false
Ottilie Langfitt,705-54-9869,9/2/1931,true
Byrle Beament,768-04-7850,8/28/1979,false
Tatiana Tilbey,528-76-8247,10/12/1998,false
Giovanna Bissill,233-81-6615,11/6/1983,true
Claudell Dummigan,592-50-3193,12/16/2000,true
Pandora Dowles,839-87-9455,5/18/1936,true
Chantal Chugg,721-73-0417,5/27/1988,false
Stacy Giorgiutti,654-29-0486,7/27/1938,true
Kirbie Eva,572-53-5664,6/30/1967,true
Sandye McAllaster,335-88-9795,11/5/1949,false
Genni Sleit,239-78-3296,1/3/2000,false
Wilbur Garmston,511-81-8962,12/1/1936,false
Frederic Osipov,506-71-5544,8/29/1994,false
Gelya Ware,570-17-0081,6/13/2005,true
Homere Crowd,279-33-5862,6/30/1936,false
Alys Raffeorty,795-89-3827,5/6/1981,false
Zulema Twiddy,234-48-7267,3/22/2011,true
Krishnah Shrimptone,586-82-7871,10/12/1958,false
Shelley Wannell,431-24-8062,6/29/1997,true
Bobbie Thorburn,545-60-4764,3/17/1991,true
Arluene Wanderschek,874-12-3640,12/9/1959,true
Timothea Mettricke,287-87-9715,8/25/1999,false
Adena Pow,556-68-0613,12/27/1973,false
Mirelle Anthiftle,242-80-6650,2/18/2011,false
Burgess Ansteys,504-35-3013,9/24/1957,true
Tobie Geraudel,565-29-9617,3/14/1985,false
Arabella Sterman,529-94-8958,3/15/1975,false
Chrystel Haliburn,657-06-9555,11/3/1967,true
Maurie Arkle,883-03-5124,10/29/2008,true
Arleyne Eloi,102-87-9820,9/7/1979,true
Abel Kinavan,549-74-4843,7/30/1982,true
Mose Fitzmaurice,827-95-9909,1/24/1991,false
Vevay Natwick,334-49-9373,7/30/1967,true
Lenci Petroulis,635-48-9606,3/12/1985,false
Corie Caughey,229-44-2376,7/31/2010,false
Saxon Wasling,255-62-6849,2/12/1998,true
Nealy Heijnen,390-88-6476,8/11/1951,true
Nanni Grantham,104-73-7643,3/11/2017,false
Dulcy Went,164-85-7874,3/17/1973,true
Sauveur Grigoire,359-29-1484,4/26/1965,true
Inger Passie,561-82-8594,4/16/2006,true
Hesther Vasiljevic,614-92-7308,1/28/2008,true
Giorgio Carswell,621-83-4689,10/22/2003,true
Regen Kraft,647-27-0125,9/29/2011,false
Reiko Curling,821-45-5876,4/25/1998,false
Estella Grelik,694-55-9439,8/2/2015,true
Maggie Echallier,193-26-9867,4/25/2001,true
Toma Schumacher,589-45-4800,11/12/2000,false
Drud Hartless,485-02-4132,9/3/1945,true
Alasteir McCullen,648-31-3888,4/30/1981,false
Roma Player,415-06-5901,10/27/2012,true
Lula Whitely,824-16-1823,2/17/1942,false
Dianna Duffrie,570-87-7711,3/1/1947,false
Far Keers,338-47-2148,4/29/1992,false
Robbin Hubball,562-09-8340,8/17/1931,false
Milton Rivallant,793-84-4604,2/27/1996,false
Carlen Popeley,801-85-1358,2/27/1998,true
Theodora Rice,173-11-3954,11/8/1973,true
Liesa Mardoll,675-21-3312,5/22/2001,true
Dur Stearley,623-91-3835,6/9/2000,false
Norina Brunner,241-64-9718,12/15/1959,true
Jerrine Cuncarr,677-85-6600,1/25/1949,false
Ortensia Rebert,759-11-9910,8/7/1992,true
Junie Ilyushkin,497-89-1928,7/4/1999,true
Kermy Patley,895-52-8686,5/24/1996,false
Kiley Mazzia,616-97-6887,5/13/1935,true
Wolf Skule,533-59-2187,5/10/1988,false
Aron Bricket,376-94-8434,6/2/1952,false
Hugues Authers,476-89-5477,9/23/1943,false
Susanne Leale,895-37-6130,9/14/1944,false
Les Ollet,604-67-2299,5/15/1976,true
Kali Olivetti,640-34-5095,6/18/2002,false
Marlene McAsgill,169-66-0026,6/29/2001,true
Wilek Maddigan,576-85-8816,6/4/1976,true
Antoine Haysar,541-52-3020,4/14/1978,true
Frannie Clear,251-47-0892,12/5/1951,false
Jemima Bambra,163-58-6008,6/11/1954,false
Rea Cruikshank,268-69-2601,2/12/1936,false
Martie Barnaclough,118-69-8441,9/9/1996,true
Kenny Patifield,348-84-9613,4/16/1941,false
Brit Saunter,112-64-4706,5/6/1967,false
Misty Moden,291-72-5226,1/4/2008,false
Carleton Dyneley,256-38-9454,10/27/1931,true
Ezri Pietrowicz,549-63-0370,11/11/1993,true
Thomasina Rodenhurst,851-85-8168,9/6/1931,true
Nicky Kennedy,200-77-6555,9/14/1973,false
Odelia Rippingale,878-42-7598,7/4/1977,false
Babara Adrian,438-77-1874,12/29/1934,false
Reta Petlyura,514-76-8401,2/20/1979,false
Tades McGovern,427-30-2510,8/10/1993,true
Tammie Hartland,136-68-3429,4/20/1977,false
Ddene Peaker,757-03-9745,5/29/1969,false
Agnola Hallsworth,186-30-6613,1/28/1959,true
Lizabeth Royson,767-53-7168,7/31/1989,false
Ceciley Stidworthy,144-50-7477,7/21/1999,true
Noami Bedminster,581-64-7421,6/11/1930,true
Husain Giacomo,331-90-2785,3/11/2016,true
Ambur McGall,421-60-5159,9/13/1932,true
Winnah Carlos,883-68-2270,2/27/1950,true
Pauletta Gregory,569-67-8993,10/7/2013,true
Juline Neames,391-29-7806,11/24/1984,false
Red Billiard,428-77-3726,4/30/2006,false
Darrin Senogles,215-59-1481,6/8/1982,false
Frank Filby,190-56-4411,12/14/1964,false
Maddalena Matuskiewicz,687-85-3366,11/4/1941,false
Si Spini,723-88-0444,6/16/2005,false
Ainslie Billett,261-76-7360,5/28/1989,false
Blaine Bartholomaus,510-86-1595,11/19/1946,true
Thorndike Revel,821-13-2707,4/18/1939,false
Sigfrid Droogan,871-42-9740,5/14/1992,false
Meara McRinn,685-52-0374,6/22/1937,true
Loydie Blaske,504-44-6140,1/5/1974,true
Lexine Buckeridge,165-01-9171,5/24/1979,false
Georgena Nannizzi,815-43-6921,5/1/1959,false
Joaquin Giacobazzi,502-75-7501,3/20/1963,true
Sarita O'Longain,303-14-2729,7/24/1933,false
Lorrie Dodwell,665-76-5862,6/23/1931,false
Damian Halksworth,870-63-1607,6/30/1984,true
Ariela Aldie,753-54-4491,10/1/1969,true
Tad Probbin,112-07-0895,2/8/1940,true
Loise Planks,434-65-4426,2/22/2002,true
Ardenia Benneton,844-37-2746,1/15/2013,true
Dorine Fullerd,602-63-4108,8/14/1966,true
Angelika Gauld,567-41-7563,2/24/1995,false
Gino Adamowicz,115-54-1321,10/19/1962,true
Dionne Bollon,643-72-4299,11/22/1983,false
Eugenius Vossgen,571-39-5019,5/12/1969,true
Griselda Pinnocke,505-66-7862,5/9/1966,false
Donall Litherland,260-22-5225,12/31/1960,false
Michell Inott,728-60-1229,1/29/2010,true
Conchita Chillcot,149-86-5377,11/20/1944,true
Murielle Jurca,763-85-7724,4/14/1932,false
Jamima Gallemore,111-77-4269,3/11/1938,true
Merrile Kermode,431-42-1729,7/26/1941,false
Marla Folonin,446-78-9999,11/25/1936,true
Norton Lehrmann,606-75-2806,12/20/1951,true
Rhett Jagger,111-30-6448,9/21/1970,false
Dalton Balazot,213-85-4972,10/5/1995,false
Harald Baum,669-47-6232,6/7/2017,false
Maury Ardern,748-36-7541,2/16/1964,true
Jarid Boutcher,888-05-6233,7/28/1999,true
Jody Ferroni,306-66-5994,6/10/1987,false
Hadley Carefull,664-64-4318,4/2/1970,true
Mattie Scanlon,584-09-8673,12/4/1952,false
Roda Broddle,613-72-7842,7/9/1935,false
Rebekkah Mathwin,382-35-7499,7/29/1978,true
Gibb Dymock,788-44-5724,1/27/2013,false
Sheridan Gravy,718-92-2365,10/2/1991,true
Yelena Kemble,402-96-0863,5/8/2004,false
Lenette Maffucci,410-69-8336,7/10/1991,false
Cyndi Rix,282-48-8354,3/10/1995,false
Livia Natt,721-39-2640,9/2/1953,false
Janina Ferrotti,383-97-7863,2/27/1998,true
Darla Dickey,215-76-6946,8/18/1967,true
Ginni Pell,870-96-6512,6/20/2016,true
Brucie Crumby,253-72-3821,9/24/1934,false
Kevyn Gothrup,347-70-7863,7/19/1940,true
Arni Jako,746-53-4284,7/1/1970,true
Edeline Meenan,294-95-3482,5/11/2017,true
Derek Siviour,138-68-6273,2/13/1946,false
Lorette Takis,377-84-8756,11/16/1983,false
Fanchon Jeffress,657-26-9971,8/25/2000,false
Aylmer Ferris,632-50-9066,3/12/1982,true
Natalee Maffey,205-32-0156,8/27/2011,false
Romy Slimme,306-51-6785,12/20/1971,true
Julie O' Sullivan,710-66-1042,11/10/1966,false
Abbot Cyphus,862-32-5642,10/9/1997,false
Rice Paolone,127-76-1744,10/14/1959,false
Ulberto Ivanshintsev,338-45-8654,2/7/1976,false
Giralda Chisholme,893-51-4521,11/9/1996,false
Innis Lucks,150-97-8699,8/8/1983,false
Shandie Souttar,304-56-6902,8/10/1940,true
Nobe Schout,537-25-2678,11/8/2000,false
Catharina Sowle,805-31-2710,10/12/2015,false
Fabian Yearne,733-36-6519,4/21/1983,true
Rockwell Bee,499-82-5717,5/13/2018,false
Terrye Szymanski,514-76-8868,6/13/2008,true
Remington Ettridge,371-85-2163,10/2/1986,false
Kanya Arnau,187-50-3396,9/27/1990,false
Jacquelynn Janusik,583-84-5826,1/13/2015,false
Dion Balkwill,102-28-3694,5/30/1972,false
Heidie Battyll,500-36-2518,4/2/1932,true
Jo-ann Hurtic,185-05-4942,1/14/1997,true
Alisander Dunkerly,668-89-8947,3/17/1934,true
Emlen Life,735-28-0052,5/6/1942,true
Wendie Tendahl,376-69-0471,4/11/1986,true
Chrisse Sutton,158-29-7208,12/14/1997,false
Archibald Lynam,820-95-8748,8/7/2016,true
Weider Maudett,243-97-2095,4/3/2018,true
Orlando Velasquez,520-77-9735,9/15/1947,false
Basilius Cavy,289-19-6654,2/18/1988,true
Lezlie Jandourek,305-99-9661,5/15/1998,true
Trevor Linne,159-65-8556,3/9/1988,true
Charisse Sydenham,830-20-6880,5/4/1987,true
Phylis Stango,753-31-0827,5/14/1931,false
Norry Coope,707-89-2083,5/4/1975,false
Else Parradine,396-61-7285,7/8/1953,true
Abbe Ames,817-05-9292,9/27/2018,false
Felicia Rudderham,641-96-0263,6/16/1959,false
Gunilla Charlo,842-10-9375,5/19/2012,false
Shannon Aronow,206-47-6898,12/20/1938,false
Conni Steen,102-35-4989,8/3/1977,true
Leonhard Shearer,779-62-4225,12/19/2005,false
Kenon Byrth,243-03-3189,6/13/1948,true
Reina Nilges,839-04-9902,6/30/2006,false
Raviv Salzberger,781-27-7415,6/30/2016,true
Kahaleel Mearns,446-20-7529,5/1/2018,false
Brion Bantick,192-05-5710,1/14/1984,false
Jae Gerardot,743-81-3610,3/8/1996,true
Royce Kelso,585-85-7751,3/16/1961,true
Kellen Dabner,111-23-4525,11/3/2006,false
Isabelita Dolden,160-82-1713,4/7/1969,true
Prisca Loades,191-01-9214,8/21/1951,true
Jordana Yakhin,736-88-0203,12/18/2002,false
Marigold Moxstead,512-59-3830,3/2/2016,true
Clevey Juliff,703-65-4779,10/25/1960,false
Dian Cronchey,803-86-4282,2/23/1980,false
Tedie Van den Velden,271-74-5322,10/24/1954,true
Sisely Medmore,798-93-2028,7/9/1988,true
Marigold Wingeatt,512-94-0953,8/29/1967,true
Yulma Hazlewood,222-30-4882,4/30/2010,false
Lefty McGow,382-26-0649,6/8/1961,false
Dita Verty,260-19-7963,5/23/1945,true
Jorrie Glowacki,173-25-9340,1/1/1945,true
Moira Bellin,294-40-4675,5/11/1948,true
Roldan Millhouse,779-65-8931,1/3/2014,false
Desiree Gass,706-96-1503,6/6/1953,true
Pat Keatch,368-37-4235,9/7/1952,true
Judon Como,776-91-7433,9/27/1999,false
Bev Wynter,146-52-4161,9/25/1979,false
Raddie Redley,432-19-1586,4/2/2007,false
Emmerich Cookes,164-78-4690,4/25/1955,false
Kassie Percy,262-41-8311,7/30/2004,true
Roselle Lillow,483-39-0188,1/27/1982,false
Meghann Barfford,145-31-5485,9/27/1966,true
Farra Claisse,692-33-4965,6/13/1955,true
Rois Gehrts,504-10-0348,1/3/1997,true
Syman Shutte,198-87-1548,12/17/1943,false
Lowe Bewick,533-13-3304,5/3/1978,false
Jennie Liveley,204-98-1520,8/2/1937,true
Angela Domnick,342-55-4099,10/30/1978,false
Stanislaw Jepson,289-13-2835,9/28/2018,false
Teodora Tidcomb,455-61-2236,8/6/1953,false
Sherline Tuttiett,746-38-5563,3/28/1962,true
Bobbye Wedmore.,508-74-1325,1/25/2012,false
Selma Congdon,648-22-4687,3/13/1941,false
Northrop Arnfield,396-09-8944,7/8/1971,true
Noak Cranna,447-24-8114,11/8/1988,false
Paton Masi,473-30-4675,9/3/1960,true
Glenine Dunston,102-66-3329,4/14/1952,true
Elane Fulks,721-31-4741,1/18/1994,false
Shandra Catherick,448-65-8775,7/25/1983,false
Brooks Neachell,413-24-9379,6/24/1977,false
Anastassia Tsarovic,604-46-2012,6/17/2010,false
Alfons Garrit,629-08-9447,12/29/1937,false
Adria Jillard,584-17-1120,11/16/1981,false
Candis Giacomazzo,181-52-9986,6/27/1988,true
Sheffield Sager,273-09-1415,3/16/1990,false
Joleen Lenard,532-05-1491,7/29/1996,false
Selle Vyel,776-08-2836,4/26/1986,false
Noelle McFeat,156-33-6626,2/4/1932,true
Sapphira Cullerne,392-88-0421,10/12/1952,true
Angil Abramovici,401-33-6066,8/3/2009,false
Geralda de Voiels,442-13-1468,2/28/2001,false
Henri Haeslier,340-35-7744,7/14/2001,true
Adoree Stoade,840-31-4686,6/14/1994,true
Averil Edel,664-27-3336,4/30/2007,true
Hedvige Poel,122-34-2296,7/22/1990,false
Annie Hardy,612-47-8901,6/29/1963,true
Louisa Wiltsher,594-60-1516,6/22/2000,false
Adler Belasco,787-72-7291,1/3/1983,false
Shelba Flemmich,246-04-6294,6/29/1985,false
Charles Spitell,243-76-9643,10/11/1983,false
Gage Eble,619-54-0599,2/10/1989,true
Rorke Greensall,712-13-4319,7/5/1971,true
Edwina Scamerden,612-57-8751,4/21/1985,false
Bethany Fellgett,402-36-6729,12/4/1973,false
Lolita Huffadine,603-82-2233,1/24/1972,false
Karoline Carvilla,715-78-6955,11/22/1995,false
Orbadiah Brigstock,560-77-0097,12/6/2011,false
Marven Gillbey,335-11-3512,9/29/1979,false
Freddi Muffett,387-82-5199,9/21/1979,true
Brenda Brettoner,133-34-2293,12/21/1970,false
Annabelle Haglinton,530-03-7596,3/1/1979,false
Cameron Reidshaw,467-35-3447,9/21/2013,false
Conan Rupke,634-92-9589,12/25/1952,true
Cirilo Milam,845-57-7971,7/26/1944,true
Bernete Eddington,623-40-8464,11/1/2008,false
Bruis Von Welden,278-72-5766,4/7/2009,false
Atlante Dudenie,622-74-7939,5/3/1998,true
Fayina Keay,121-14-4351,12/26/1994,true
Lynnet Burnsyde,796-70-8873,2/21/1977,true
Creight O'Kuddyhy,796-29-1093,5/30/1963,true
Arabelle Mattosoff,551-19-0402,6/2/1972,true
Gertruda Shawl,143-91-0720,12/1/1959,false
Atlante Demeter,859-86-0338,7/1/1991,true
Horatio Spires,547-82-2686,4/25/1965,false
Ethyl Ledingham,474-80-3244,1/3/1977,true
Brok Husbands,837-33-7574,1/29/1976,true
Fredrick Kingswold,233-80-8704,10/13/2000,false
Keriann Larrie,547-78-6858,6/23/1979,false
Gabriellia McGovern,829-29-4143,3/8/1993,false
Millard MacInnes,481-71-2578,7/10/1992,false
